Time Stamp, Pressure, System State, Alarm State
1588809554250,9120281,7,0
1588809554500,9119097,7,0
1588809554750,9120266,7,0
1588809555000,9119630,7,0
1588809555250,9118556,7,0
1588809555500,9119597,7,0
1588809555750,9120073,7,0
1588809556000,9119779,7,0
1588809556250,9119710,7,0
1588809556500,9119161,7,0
1588809556750,9120182,7,0
1588809557000,9119159,7,0
1588809557250,9118178,7,0
1588809557500,9117285,7,0
1588809557750,9116707,7,0
1588809558000,9117716,7,0
1588809558250,9118160,7,0
1588809558500,9119227,7,0
1588809558750,9119294,7,0
1588809559000,9118563,7,0
1588809559250,9117932,7,0
1588809559500,9118943,7,0
1588809559750,9118335,7,0
1588809560000,9118278,7,0
1588809560250,9117154,7,0
1588809560500,9116928,7,0
1588809560750,9117277,7,0
1588809561000,9117309,7,0
1588809561250,9117784,7,0
1588809561500,9117878,7,0
1588809561750,9117757,7,0
1588809562000,9118062,7,0
1588809562250,9118172,7,0
1588809562500,9118019,7,0
1588809562750,9118452,7,0
1588809563000,9118252,7,0
1588809563250,9117503,7,0
1588809563500,9117211,7,0
1588809563750,9117918,7,0
1588809564000,9118301,7,0
1588809564250,9118661,7,0
1588809564500,9118752,7,0
1588809564750,9118876,7,0
1588809565000,9119019,7,0
1588809565250,9119417,7,0
1588809565500,9120163,7,0
1588809565750,9120115,7,0
1588809566000,9119756,7,0
1588809566250,9120369,7,0
1588809566500,9121152,7,0
1588809566750,9120826,7,0
1588809567000,9121572,7,0
1588809567250,9122166,7,0
1588809567500,9122432,7,0
1588809567750,9121484,7,0
1588809568000,9121718,7,0
1588809568250,9122523,7,0
1588809568500,9122688,7,0
1588809568750,9121753,7,0
1588809569000,9121396,7,0
1588809569250,9120454,7,0
1588809569500,9120163,7,0
1588809569750,9121311,7,0
1588809570000,9121244,7,0
1588809570250,9121564,7,0
1588809570500,9121508,7,0
1588809570750,9122441,7,0
1588809571000,9123213,7,0
1588809571250,9123629,7,0
1588809571500,9123632,7,0
1588809571750,9123586,7,0
1588809572000,9123161,7,0
1588809572250,9124019,7,0
1588809572500,9124861,7,0
1588809572750,9125344,7,0
1588809573000,9125399,7,0
1588809573250,9125786,7,0
1588809573500,9126985,7,0
1588809573750,9127446,7,0
1588809574000,9126809,7,0
1588809574250,9127590,7,0
1588809574500,9126524,7,0
1588809574750,9127397,7,0
1588809575000,9127135,7,0
1588809575250,9127100,7,0
1588809575500,9128225,7,0
1588809575750,9129397,7,0
1588809576000,9128966,7,0
1588809576250,9128619,7,0
1588809576500,9129621,7,0
1588809576750,9130033,7,0
1588809577000,9129945,7,0
1588809577250,9129019,7,0
1588809577500,9128942,7,0
1588809577750,9129551,7,0
1588809578000,9130145,7,0
1588809578250,9131212,7,0
1588809578500,9131117,7,0
1588809578750,9131282,7,0
1588809579000,9131564,7,0
1588809579250,9132237,7,0
1588809579500,9133120,7,0
1588809579750,9133742,7,0
1588809580000,9134072,7,0
1588809580250,9134596,7,0
1588809580500,9134064,7,0
1588809580750,9133249,7,0
1588809581000,9132524,7,0
1588809581250,9131990,7,0
1588809581500,9132836,7,0
1588809581750,9132238,7,0
1588809582000,9133249,7,0
1588809582250,9133793,7,0
1588809582500,9132868,7,0
1588809582750,9132417,7,0
1588809583000,9131725,7,0
1588809583250,9132689,7,0
1588809583500,9131773,7,0
1588809583750,9131414,7,0
1588809584000,9130831,7,0
1588809584250,9131681,7,0
1588809584500,9130533,7,0
1588809584750,9130626,7,0
1588809585000,9131750,7,0
1588809585250,9131289,7,0
1588809585500,9130354,7,0
1588809585750,9130872,7,0
1588809586000,9129841,7,0
1588809586250,9130011,7,0
1588809586500,9129057,7,0
1588809586750,9129073,7,0
1588809587000,9128715,7,0
1588809587250,9129409,7,0
1588809587500,9128410,7,0
1588809587750,9129583,7,0
1588809588000,9129164,7,0
1588809588250,9128833,7,0
1588809588500,9129955,7,0
1588809588750,9129575,7,0
1588809589000,9129910,7,0
1588809589250,9130241,7,0
1588809589500,9130464,7,0
1588809589750,9130609,7,0
1588809590000,9130283,7,0
1588809590250,9130781,7,0
1588809590500,9131239,7,0
1588809590750,9130986,7,0
1588809591000,9130811,7,0
1588809591250,9131118,7,0
1588809591500,9131706,7,0
1588809591750,9131712,7,0
1588809592000,9131668,7,0
1588809592250,9131873,7,0
1588809592500,9130771,7,0
1588809592750,9130215,7,0
1588809593000,9130723,7,0
1588809593250,9129886,7,0
1588809593500,9130612,7,0
1588809593750,9131290,7,0
1588809594000,9131824,7,0
1588809594250,9132796,7,0
1588809594500,9132289,7,0
1588809594750,9133229,7,0
1588809595000,9133258,7,0
1588809595250,9132952,7,0
1588809595500,9133864,7,0
1588809595750,9134675,7,0
1588809596000,9134802,7,0
1588809596250,9135199,7,0
1588809596500,9134429,7,0
1588809596750,9133690,7,0
1588809597000,9133217,7,0
1588809597250,9133434,7,0
1588809597500,9133604,7,0
1588809597750,9133570,7,0
1588809598000,9133084,7,0
1588809598250,9132076,7,0
1588809598500,9132989,7,0
1588809598750,9133093,7,0
1588809599000,9133592,7,0
1588809599250,9133456,7,0
1588809599500,9132365,7,0
1588809599750,9131619,7,0
1588809600000,9132452,7,0
1588809600250,9133425,7,0
1588809600500,9133323,7,0
1588809600750,9133464,7,0
1588809601000,9132399,7,0
1588809601250,9131822,7,0
1588809601500,9131004,7,0
1588809601750,9131237,7,0
1588809602000,9132397,7,0
1588809602250,9132272,7,0
1588809602500,9131809,7,0
1588809602750,9131361,7,0
1588809603000,9131694,7,0
1588809603250,9130506,7,0
1588809603500,9129668,7,0
1588809603750,9128927,7,0
1588809604000,9129337,7,0
1588809604250,9128494,7,0
1588809604500,9127778,7,0
1588809604750,9128479,7,0
1588809605000,9129053,7,0
1588809605250,9129271,7,0
1588809605500,9128737,7,0
1588809605750,9129590,7,0
1588809606000,9130000,7,0
1588809606250,9131143,7,0
1588809606500,9130463,7,0
1588809606750,9130171,7,0
1588809607000,9129542,7,0
1588809607250,9128971,7,0
1588809607500,9128698,7,0
1588809607750,9127701,7,0
1588809608000,9126902,7,0
1588809608250,9127291,7,0
1588809608500,9127199,7,0
1588809608750,9126100,7,0
1588809609000,9126677,7,0
1588809609250,9126967,7,0
1588809609500,9126865,7,0
1588809609750,9126965,7,0
1588809610000,9125929,7,0
1588809610250,9126564,7,0
1588809610500,9127416,7,0
1588809610750,9127477,7,0
1588809611000,9128125,7,0
1588809611250,9128904,7,0
1588809611500,9128988,7,0
1588809611750,9128409,7,0
1588809612000,9129109,7,0
1588809612250,9129241,7,0
1588809612500,9128162,7,0
1588809612750,9127799,7,0
1588809613000,9126949,7,0
1588809613250,9126537,7,0
1588809613500,9125826,7,0
1588809613750,9126150,7,0
1588809614000,9125244,7,0
1588809614250,9124617,7,0
1588809614500,9125414,7,0
1588809614750,9125079,7,0
1588809615000,9124646,7,0
1588809615250,9123969,7,0
1588809615500,9123402,7,0
1588809615750,9123370,7,0
1588809616000,9123846,7,0
1588809616250,9124387,7,0
1588809616500,9124020,7,0
1588809616750,9123872,7,0
1588809617000,9123503,7,0
1588809617250,9123799,7,0
1588809617500,9124951,7,0
1588809617750,9124310,7,0
1588809618000,9124040,7,0
1588809618250,9124844,7,0
1588809618500,9125029,7,0
1588809618750,9126171,7,0
1588809619000,9126117,7,0
1588809619250,9125185,7,0
1588809619500,9124547,7,0
1588809619750,9123992,7,0
1588809620000,9123957,7,0
1588809620250,9123441,7,0
1588809620500,9123723,7,0
1588809620750,9124038,7,0
1588809621000,9123874,7,0
1588809621250,9124210,7,0
1588809621500,9123212,7,0
1588809621750,9123342,7,0
1588809622000,9124251,7,0
1588809622250,9125250,7,0
1588809622500,9125810,7,0
1588809622750,9125085,7,0
1588809623000,9126171,7,0
1588809623250,9127364,7,0
1588809623500,9127372,7,0
1588809623750,9127734,7,0
1588809624000,9127831,7,0
1588809624250,9128236,7,0
1588809624500,9129214,7,0
1588809624750,9130142,7,0
1588809625000,9129642,7,0
1588809625250,9130136,7,0
1588809625500,9131188,7,0
1588809625750,9131619,7,0
1588809626000,9131716,7,0
1588809626250,9131752,7,0
1588809626500,9131688,7,0
1588809626750,9132495,7,0
1588809627000,9132363,7,0
1588809627250,9132862,7,0
1588809627500,9131913,7,0
1588809627750,9132946,7,0
1588809628000,9134129,7,0
1588809628250,9134662,7,0
1588809628500,9134373,7,0
1588809628750,9133755,7,0
1588809629000,9132987,7,0
1588809629250,9132901,7,0
1588809629500,9133177,7,0
1588809629750,9132118,7,0
1588809630000,9131394,7,0
1588809630250,9131029,7,0
1588809630500,9130009,7,0
1588809630750,9131136,7,0
1588809631000,9130327,7,0
1588809631250,9130515,7,0
1588809631500,9130367,7,0
1588809631750,9130856,7,0
1588809632000,9130249,7,0
1588809632250,9129878,7,0
1588809632500,9129658,7,0
1588809632750,9129315,7,0
1588809633000,9128237,7,0
1588809633250,9127432,7,0
1588809633500,9128284,7,0
1588809633750,9128067,7,0
1588809634000,9128498,7,0
1588809634250,9128086,7,0
1588809634500,9127475,7,0
1588809634750,9126574,7,0
1588809635000,9125460,7,0
1588809635250,9124664,7,0
1588809635500,9123595,7,0
1588809635750,9124428,7,0
1588809636000,9125366,7,0
1588809636250,9125209,7,0
1588809636500,9124223,7,0
1588809636750,9123192,7,0
1588809637000,9123713,7,0
1588809637250,9124203,7,0
1588809637500,9125278,7,0
1588809637750,9126275,7,0
1588809638000,9127165,7,0
1588809638250,9126020,7,0
1588809638500,9126943,7,0
1588809638750,9125823,7,0
1588809639000,9125630,7,0
1588809639250,9125204,7,0
1588809639500,9125337,7,0
1588809639750,9125301,7,0
1588809640000,9125269,7,0
1588809640250,9125947,7,0
1588809640500,9126769,7,0
1588809640750,9126859,7,0
1588809641000,9127932,7,0
1588809641250,9128405,7,0
1588809641500,9130261,d,0
1588809641750,9131354,d,0
1588809642000,9131446,d,0
1588809642250,9131511,d,0
1588809642500,9132488,d,0
1588809642750,9132687,d,0
1588809643000,9133178,d,0
1588809643250,9134307,d,0
1588809643500,9136124,d,0
1588809643750,9138338,d,0
1588809644000,9140095,d,0
1588809644250,9142148,d,0
1588809644500,9144117,d,0
1588809644750,9145216,d,0
1588809645000,9146144,d,0
1588809645250,9147573,d,0
1588809645500,9148055,d,0
1588809645750,9148694,d,0
1588809646000,9150200,d,0
1588809646250,9152391,d,0
1588809646500,9153132,d,0
1588809646750,9155232,d,0
1588809647000,9157784,d,0
1588809647250,9159445,d,0
1588809647500,9160331,d,0
1588809647750,9161672,d,0
1588809648000,9162833,d,0
1588809648250,9163362,d,0
1588809648500,9165580,d,0
1588809648750,9166199,d,0
1588809649000,9167988,d,0
1588809649250,9169666,d,0
1588809649500,9171376,d,0
1588809649750,9173249,d,0
1588809650000,9174540,d,0
1588809650250,9176768,d,0
1588809650500,9178374,d,0
1588809650750,9179683,d,0
1588809651000,9180160,d,0
1588809651250,9181132,d,0
1588809651500,9181761,d,0
1588809651750,9183931,d,0
1588809652000,9186447,d,0
1588809652250,9188965,d,0
1588809652500,9189311,d,0
1588809652750,9190261,d,0
1588809653000,9191707,d,0
1588809653250,9194392,d,0
1588809653500,9195866,d,0
1588809653750,9198260,d,0
1588809654000,9200605,d,0
1588809654250,9202248,d,0
1588809654500,9204197,d,0
1588809654750,9206105,d,0
1588809655000,9206849,d,0
1588809655250,9209517,d,0
1588809655500,9210191,d,0
1588809655750,9211478,d,0
1588809656000,9214050,d,0
1588809656250,9216746,d,0
1588809656500,9218448,d,0
1588809656750,9220197,d,0
1588809657000,9221515,d,0
1588809657250,9224266,d,0
1588809657500,9224816,d,0
1588809657750,9227183,d,0
1588809658000,9229512,d,0
1588809658250,9230976,d,0
1588809658500,9231987,d,0
1588809658750,9234521,d,0
1588809659000,9236241,d,0
1588809659250,9237594,d,0
1588809659500,9239166,d,0
1588809659750,9240698,d,0
1588809660000,9241422,d,0
1588809660250,9242585,d,0
1588809660500,9244306,d,0
1588809660750,9246141,d,0
1588809661000,9247246,d,0
1588809661250,9250090,d,0
1588809661500,9251125,d,0
1588809661750,9253773,d,0
1588809662000,9255485,d,0
1588809662250,9258087,d,0
1588809662500,9259852,d,0
1588809662750,9261474,d,0
1588809663000,9263501,d,0
1588809663250,9265090,d,0
1588809663500,9267577,d,0
1588809663750,9269345,d,0
1588809664000,9270792,d,0
1588809664250,9272136,d,0
1588809664500,9274762,d,0
1588809664750,9277065,d,0
1588809665000,9277852,d,0
1588809665250,9280551,d,0
1588809665500,9281898,d,0
1588809665750,9284519,d,0
1588809666000,9285778,d,0
1588809666250,9287626,d,0
1588809666500,9289425,d,0
1588809666750,9291440,d,0
1588809667000,9293668,d,0
1588809667250,9296058,d,0
1588809667500,9299052,d,0
1588809667750,9301442,d,0
1588809668000,9304425,d,0
1588809668250,9306160,d,0
1588809668500,9309363,d,0
1588809668750,9312419,d,0
1588809669000,9313558,d,0
1588809669250,9314783,d,0
1588809669500,9317029,d,0
1588809669750,9318815,d,0
1588809670000,9321567,d,0
1588809670250,9324495,d,0
1588809670500,9326813,d,0
1588809670750,9328527,d,0
1588809671000,9329972,d,0
1588809671250,9331695,d,0
1588809671500,9334051,d,0
1588809671750,9336245,d,0
1588809672000,9338168,d,0
1588809672250,9339597,d,0
1588809672500,9342933,d,0
1588809672750,9344909,d,0
1588809673000,9347859,d,0
1588809673250,9349390,d,0
1588809673500,9352792,d,0
1588809673750,9355795,d,0
1588809674000,9357960,d,0
1588809674250,9359537,d,0
1588809674500,9361358,d,0
1588809674750,9362545,d,0
1588809675000,9365697,d,0
1588809675250,9367289,d,0
1588809675500,9370035,d,0
1588809675750,9372492,d,0
1588809676000,9374533,d,0
1588809676250,9376786,d,0
1588809676500,9378595,d,0
1588809676750,9380463,d,0
1588809677000,9383054,d,0
1588809677250,9386213,d,0
1588809677500,9388527,d,0
1588809677750,9390120,d,0
1588809678000,9392885,d,0
1588809678250,9394184,d,0
1588809678500,9396114,d,0
1588809678750,9399374,d,0
1588809679000,9401436,d,0
1588809679250,9404753,d,0
1588809679500,9406391,d,0
1588809679750,9408953,d,0
1588809680000,9412266,d,0
1588809680250,9415798,d,0
1588809680500,9419320,d,0
1588809680750,9422157,d,0
1588809681000,9423784,d,0
1588809681250,9426826,d,0
1588809681500,9429211,d,0
1588809681750,9431940,d,0
1588809682000,9435486,d,0
1588809682250,9438611,d,0
1588809682500,9440998,d,0
1588809682750,9444193,d,0
1588809683000,9447363,d,0
1588809683250,9448974,d,0
1588809683500,9450659,d,0
1588809683750,9452329,d,0
1588809684000,9455043,d,0
1588809684250,9457378,d,0
1588809684500,9459311,d,0
1588809684750,9463001,d,0
1588809685000,9464906,d,0
1588809685250,9467954,d,0
1588809685500,9469628,d,0
1588809685750,9472643,d,0
1588809686000,9475326,d,0
1588809686250,9477691,d,0
1588809686500,9480317,d,0
1588809686750,9483368,d,0
1588809687000,9487346,d,0
1588809687250,9489896,d,0
1588809687500,9491819,d,0
1588809687750,9495412,d,0
1588809688000,9497785,d,0
1588809688250,9501477,d,0
1588809688500,9504178,d,0
1588809688750,9506404,d,0
1588809689000,9509390,d,0
1588809689250,9513119,d,0
1588809689500,9516705,d,0
1588809689750,9519458,d,0
1588809690000,9522522,d,0
1588809690250,9524697,d,0
1588809690500,9528801,d,0
1588809690750,9530779,d,0
1588809691000,9532700,d,0
1588809691250,9534650,d,0
1588809691500,9536849,d,0
1588809691750,9539589,d,0
1588809692000,9542403,d,0
1588809692250,9544618,d,0
1588809692500,9547156,d,0
1588809692750,9549937,d,0
1588809693000,9553252,d,0
1588809693250,9555506,d,0
1588809693500,9559769,d,0
1588809693750,9563787,d,0
1588809694000,9566416,d,0
1588809694250,9568904,d,0
1588809694500,9571997,d,0
1588809694750,9574619,d,0
1588809695000,9577625,d,0
1588809695250,9581035,d,0
1588809695500,9585197,d,0
1588809695750,9588948,d,0
1588809696000,9592011,d,0
1588809696250,9594824,d,0
1588809696500,9599142,d,0
1588809696750,9603521,d,0
1588809697000,9607945,d,0
1588809697250,9611320,d,0
1588809697500,9613912,d,0
1588809697750,9616850,d,0
1588809698000,9620240,d,0
1588809698250,9622800,d,0
1588809698500,9625970,d,0
1588809698750,9629088,d,0
1588809699000,9631830,d,0
1588809699250,9634984,d,0
1588809699500,9639052,d,0
1588809699750,9642371,d,0
1588809700000,9645927,d,0
1588809700250,9650274,d,0
1588809700500,9654541,d,0
1588809700750,9659131,d,0
1588809701000,9661475,d,0
1588809701250,9665301,d,0
1588809701500,9669631,d,0
1588809701750,9672281,d,0
1588809702000,9676695,d,0
1588809702250,9679806,d,0
1588809702500,9683155,d,0
1588809702750,9685805,d,0
1588809703000,9689946,d,0
1588809703250,9693100,d,0
1588809703500,9697534,d,0
1588809703750,9699923,d,0
1588809704000,9703464,d,0
1588809704250,9707378,d,0
1588809704500,9711697,d,0
1588809704750,9715237,d,0
1588809705000,9720056,d,0
1588809705250,9722520,d,0
1588809705500,9726504,d,0
1588809705750,9730242,d,0
1588809706000,9733185,d,0
1588809706250,9735846,d,0
1588809706500,9740162,d,0
1588809706750,9743732,d,0
1588809707000,9746984,d,0
1588809707250,9750393,d,0
1588809707500,9755131,d,0
1588809707750,9759342,d,0
1588809708000,9762525,d,0
1588809708250,9766508,d,0
1588809708500,9770712,d,0
1588809708750,9773595,d,0
1588809709000,9776784,d,0
1588809709250,9780251,d,0
1588809709500,9783540,d,0
1588809709750,9788452,d,0
1588809710000,9792763,d,0
1588809710250,9796686,d,0
1588809710500,9799557,d,0
1588809710750,9802869,d,0
1588809711000,9807196,d,0
1588809711250,9811738,d,0
1588809711500,9815101,d,0
1588809711750,9818218,d,0
1588809712000,9821476,d,0
1588809712250,9826348,d,0
1588809712500,9830183,d,0
1588809712750,9833461,d,0
1588809713000,9838387,d,0
1588809713250,9841383,d,0
1588809713500,9845529,d,0
1588809713750,9850516,d,0
1588809714000,9855681,d,0
1588809714250,9859274,d,0
1588809714500,9862511,d,0
1588809714750,9866033,d,0
1588809715000,9870528,d,0
1588809715250,9875550,d,0
1588809715500,9880753,d,0
1588809715750,9885452,d,0
1588809716000,9889501,d,0
1588809716250,9893504,d,0
1588809716500,9898071,d,0
1588809716750,9902281,d,0
1588809717000,9907146,d,0
1588809717250,9912385,d,0
1588809717500,9916041,d,0
1588809717750,9920174,d,0
1588809718000,9923846,d,0
1588809718250,9927270,d,0
1588809718500,9931600,d,0
1588809718750,9936907,d,0
1588809719000,9942170,d,0
1588809719250,9946711,d,0
1588809719500,9950006,d,0
1588809719750,9955350,d,0
1588809720000,9959608,d,0
1588809720250,9963971,d,0
1588809720500,9967413,d,0
1588809720750,9970968,d,0
1588809721000,9975087,d,0
1588809721250,9979422,d,0
1588809721500,9982734,d,0
1588809721750,9986776,d,0
1588809722000,9991412,d,0
1588809722250,9997058,d,0
1588809722500,10001305,d,1
1588809722750,10004706,d,1
1588809723000,10010067,d,1
1588809723250,10014196,d,1
1588809723500,10019364,d,1
1588809723750,10023428,d,1
1588809724000,10028166,d,1
1588809724250,10032529,d,1
1588809724500,10037383,d,1
1588809724750,10041589,d,1
1588809725000,10045344,d,1
1588809725250,10050832,d,1
1588809725500,10055699,d,1
1588809725750,10060077,d,1
1588809726000,10065927,d,1
1588809726250,10069649,d,1
1588809726500,10073846,d,1
1588809726750,10079022,d,1
1588809727000,10083734,d,1
1588809727250,10087662,d,1
1588809727500,10092640,d,1
1588809727750,10098457,d,1
1588809728000,10103146,d,1
1588809728250,10107950,d,1
1588809728500,10113694,d,1
1588809728750,10119297,d,1
1588809729000,10125217,d,1
1588809729250,10130604,d,1
1588809729500,10136566,d,1
1588809729750,10141461,d,1
1588809730000,10146820,d,1
1588809730250,10151341,d,1
1588809730500,10156337,d,1
1588809730750,10161343,d,1
1588809731000,10166230,d,1
1588809731250,10170653,d,1
1588809731500,10175933,d,1
1588809731750,10179790,d,1
1588809732000,10184759,d,1
1588809732250,10189098,d,1
1588809732500,10193316,d,1
1588809732750,10198182,d,1
1588809733000,10204138,d,1
1588809733250,10209775,d,1
1588809733500,10215557,d,1
1588809733750,10221051,d,1
1588809734000,10226484,d,1
1588809734250,10232525,d,1
1588809734500,10237276,d,1
1588809734750,10241489,d,1
1588809735000,10247913,d,1
1588809735250,10254084,d,1
1588809735500,10260107,d,1
1588809735750,10265233,d,1
1588809736000,10270207,d,1
1588809736250,10275958,d,1
1588809736500,10280222,d,1
1588809736750,10284637,d,1
1588809737000,10289282,d,1
1588809737250,10295838,d,1
1588809737500,10301464,d,1
1588809737750,10307770,d,1
1588809738000,10312298,d,1
1588809738250,10316793,d,1
1588809738500,10321964,d,1
1588809738750,10327189,d,1
1588809739000,10331904,d,1
1588809739250,10338138,d,1
1588809739500,10342987,d,1
1588809739750,10348425,d,1
1588809740000,10354738,d,1
1588809740250,10359968,d,1
1588809740500,10366420,d,1
1588809740750,10372421,d,1
1588809741000,10377006,d,1
1588809741250,10382509,d,1
1588809741500,10387693,d,1
1588809741750,10393787,d,1
1588809742000,10398991,d,1
1588809742250,10404538,d,1
1588809742500,10410442,d,1
1588809742750,10415687,d,1
1588809743000,10420572,d,1
1588809743250,10426087,d,1
1588809743500,10431997,d,1
1588809743750,10437380,d,1
1588809744000,10444156,d,1
1588809744250,10450262,d,1
1588809744500,10455978,d,1
1588809744750,10460901,d,1
1588809745000,10466613,d,1
1588809745250,10471427,d,1
1588809745500,10476115,d,1
1588809745750,10482199,d,1
1588809746000,10486902,d,1
1588809746250,10492140,d,1
1588809746500,10498813,d,1
1588809746750,10503582,d,1
1588809747000,10510389,d,1
1588809747250,10515267,d,1
1588809747500,10521215,d,1
1588809747750,10527660,d,1
1588809748000,10533044,d,1
1588809748250,10538739,d,1
1588809748500,10544030,d,1
1588809748750,10549665,d,1
1588809749000,10556515,d,1
1588809749250,10562192,d,1
1588809749500,10569107,d,1
1588809749750,10574367,d,1
1588809750000,10581182,d,1
1588809750250,10586741,d,1
1588809750500,10592373,d,1
1588809750750,10599620,d,1
1588809751000,10606227,d,1
1588809751250,10612850,d,1
1588809751500,10618582,d,1
1588809751750,10624616,d,1
1588809752000,10629980,d,1
1588809752250,10636884,d,1
1588809752500,10643283,d,1
1588809752750,10649786,d,1
1588809753000,10656480,d,1
1588809753250,10662527,d,1
1588809753500,10670060,d,1
1588809753750,10676824,d,1
1588809754000,10683023,d,1
1588809754250,10689727,d,1
1588809754500,10696579,d,1
1588809754750,10702488,d,1
1588809755000,10709359,d,1
1588809755250,10716996,d,1
1588809755500,10724608,d,1
1588809755750,10732105,d,1
1588809756000,10738263,d,1
1588809756250,10745942,d,1
1588809756500,10751433,d,1
1588809756750,10759187,d,1
1588809757000,10765307,d,1
1588809757250,10772427,d,1
1588809757500,10780138,d,1
1588809757750,10785790,d,1
1588809758000,10793573,d,1
1588809758250,10799166,d,1
1588809758500,10806701,d,1
1588809758750,10813310,d,1
1588809759000,10820567,d,1
1588809759250,10826458,d,1
1588809759500,10834109,d,1
1588809759750,10841723,d,1
1588809760000,10849060,d,1
1588809760250,10855670,d,1
1588809760500,10861896,d,1
1588809760750,10868019,d,1
1588809761000,10875590,d,1
1588809761250,10881409,d,1
1588809761500,10888742,d,1
1588809761750,10894542,d,1
1588809762000,10901916,d,1
1588809762250,10908534,d,1
1588809762500,10915060,d,1
1588809762750,10921270,d,1
1588809763000,10927474,d,1
1588809763250,10933546,d,1
1588809763500,10939607,d,1
1588809763750,10946708,d,1
1588809764000,10952781,d,1
1588809764250,10961005,d,1
1588809764500,10968148,d,1
1588809764750,10975014,d,1
1588809765000,10982615,d,1
1588809765250,10989274,d,1
1588809765500,10995982,d,1
1588809765750,11003138,d,1
1588809766000,11009984,d,1
1588809766250,11016403,d,1
1588809766500,11024728,d,1
1588809766750,11032939,d,1
1588809767000,11039340,d,1
1588809767250,11047426,d,1
1588809767500,11055345,d,1
1588809767750,11063125,d,1
1588809768000,11069447,d,1
1588809768250,11077601,d,1
1588809768500,11085934,d,1
1588809768750,11093803,d,1
1588809769000,11102173,d,1
1588809769250,11109818,d,1
1588809769500,11117850,d,1
1588809769750,11125104,d,1
1588809770000,11133261,d,1
1588809770250,11139732,d,1
1588809770500,11147493,d,1
1588809770750,11156134,d,1
1588809771000,11162505,d,1
1588809771250,11170138,d,1
1588809771500,11177273,d,1
1588809771750,11183931,d,1
1588809772000,11191584,d,1
1588809772250,11199606,d,1
1588809772500,11206857,d,1
1588809772750,11213420,d,1
1588809773000,11222232,d,1
1588809773250,11230303,d,1
1588809773500,11238118,d,1
1588809773750,11245017,d,1
1588809774000,11253133,d,1
1588809774250,11260917,d,1
1588809774500,11267654,d,1
1588809774750,11276182,d,1
1588809775000,11283208,d,1
1588809775250,11291405,d,1
1588809775500,11298837,d,1
1588809775750,11306128,d,1
1588809776000,11314004,d,1
1588809776250,11320841,d,1
1588809776500,11329895,d,1
1588809776750,11337180,d,1
1588809777000,11345519,d,1
1588809777250,11354044,d,1
1588809777500,11361970,d,1
1588809777750,11369436,d,1
1588809778000,11377786,d,1
1588809778250,11384845,d,1
1588809778500,11391871,d,1
1588809778750,11400330,d,1
1588809779000,11408742,d,1
1588809779250,11416170,d,1
1588809779500,11424536,d,1
1588809779750,11433833,d,1
1588809780000,11442935,d,1
1588809780250,11452185,d,1
1588809780500,11459260,d,1
1588809780750,11467935,d,1
1588809781000,11476436,d,1
1588809781250,11484889,d,1
1588809781500,11494009,d,1
1588809781750,11501318,d,1
1588809782000,11510630,d,1
1588809782250,11519981,d,1
1588809782500,11529294,d,1
1588809782750,11536690,d,1
1588809783000,11545278,d,1
1588809783250,11552609,d,1
1588809783500,11560702,d,1
1588809783750,11570118,d,1
1588809784000,11577656,d,1
1588809784250,11585319,d,1
1588809784500,11594919,d,1
1588809784750,11603677,d,1
1588809785000,11612729,d,1
1588809785250,11621135,d,1
1588809785500,11630624,d,1
1588809785750,11638870,d,1
1588809786000,11647127,d,1
1588809786250,11656415,d,1
1588809786500,11665877,d,1
1588809786750,11675721,d,1
1588809787000,11683192,d,1
1588809787250,11691757,d,1
1588809787500,11701616,d,1
1588809787750,11711291,d,1
1588809788000,11719790,d,1
1588809788250,11729355,d,1
1588809788500,11737916,d,1
1588809788750,11747510,d,1
1588809789000,11756140,d,1
1588809789250,11764415,d,1
1588809789500,11774294,d,1
1588809789750,11782357,d,1
1588809790000,11790085,d,1
1588809790250,11799362,d,1
1588809790500,11807725,d,1
1588809790750,11816490,d,1
1588809791000,11825965,d,1
1588809791250,11834834,d,1
1588809791500,11843445,d,1
1588809791750,11853270,d,1
1588809792000,11862596,d,1
1588809792250,11870745,d,1
1588809792500,11879248,d,1
1588809792750,11887963,d,1
1588809793000,11896802,d,1
1588809793250,11905094,d,1
1588809793500,11914302,d,1
1588809793750,11924063,d,1
1588809794000,11933853,d,1
1588809794250,11942750,d,1
1588809794500,11952563,d,1
1588809794750,11962416,d,1
1588809795000,11972450,d,1
1588809795250,11981838,d,1
1588809795500,11991064,d,1
1588809795750,11999712,d,1
1588809796000,12008326,d,1
1588809796250,12018593,d,1
1588809796500,12028859,d,1
1588809796750,12038546,d,1
1588809797000,12049074,d,1
1588809797250,12059222,d,1
1588809797500,12068921,d,1
1588809797750,12079544,d,1
1588809798000,12088916,d,1
1588809798250,12099306,d,1
1588809798500,12108603,d,1
1588809798750,12119304,d,1
1588809799000,12127998,d,1
1588809799250,12137723,d,1
1588809799500,12147646,d,1
1588809799750,12157445,d,1
1588809800000,12167078,d,1
1588809800250,12177682,d,1
1588809800500,12187918,d,1
1588809800750,12198530,d,1
1588809801000,12209110,d,1
1588809801250,12218255,d,1
1588809801500,12228310,d,1
1588809801750,12238344,d,1
1588809802000,12247993,d,1
1588809802250,12257048,d,1
1588809802500,12266539,d,1
1588809802750,12275808,d,1
1588809803000,12285783,d,1
1588809803250,12296012,d,1
1588809803500,12305422,d,1
1588809803750,12315922,d,1
1588809804000,12325907,d,1
1588809804250,12335054,d,1
1588809804500,12344255,d,1
1588809804750,12354200,d,1
1588809805000,12364872,d,1
1588809805250,12375565,d,1
1588809805500,12385506,d,1
1588809805750,12394468,d,1
1588809806000,12404449,d,1
1588809806250,12414966,d,1
1588809806500,12426325,d,1
1588809806750,12436677,d,1
1588809807000,12445740,d,1
1588809807250,12455824,d,1
1588809807500,12467157,d,1
1588809807750,12477451,d,1
1588809808000,12487317,d,1
1588809808250,12498044,d,1
1588809808500,12508089,d,1
1588809808750,12517654,d,1
1588809809000,12528590,d,1
1588809809250,12540171,d,1
1588809809500,12551230,d,1
1588809809750,12560856,d,1
1588809810000,12570512,d,1
1588809810250,12582027,d,1
1588809810500,12591868,d,1
1588809810750,12602861,d,1
1588809811000,12613547,d,1
1588809811250,12623684,d,1
1588809811500,12634078,d,1
1588809811750,12645595,d,1
1588809812000,12655705,d,1
1588809812250,12666542,d,1
1588809812500,12676824,d,1
1588809812750,12686407,d,1
1588809813000,12696718,d,1
1588809813250,12707667,d,1
1588809813500,12717354,d,1
1588809813750,12728768,d,1
1588809814000,12738937,d,1
1588809814250,12750631,d,1
1588809814500,12760621,d,1
1588809814750,12770894,d,1
1588809815000,12781292,d,1
1588809815250,12791216,d,1
1588809815500,12802765,d,1
1588809815750,12813554,d,1
1588809816000,12825147,d,1
1588809816250,12837227,d,1
1588809816500,12848481,d,1
1588809816750,12859053,d,1
1588809817000,12871172,d,1
1588809817250,12881488,d,1
1588809817500,12892505,d,1
1588809817750,12904643,d,1
1588809818000,12916816,d,1
1588809818250,12927996,d,1
1588809818500,12939463,d,1
1588809818750,12950637,d,1
1588809819000,12962650,d,1
1588809819250,12974751,d,1
1588809819500,12985261,d,1
1588809819750,12995618,d,1
1588809820000,13006768,d,1
1588809820250,13018153,d,1
1588809820500,13030631,d,1
1588809820750,13042208,d,1
1588809821000,13052674,d,1
1588809821250,13064915,d,1
1588809821500,13075559,d,1
1588809821750,13086228,d,1
1588809822000,13098210,d,1
1588809822250,13108836,d,1
1588809822500,13119749,d,1
1588809822750,13132079,d,1
1588809823000,13142996,d,1
1588809823250,13155366,d,1
1588809823500,13166408,d,1
1588809823750,13178784,d,1
1588809824000,13191115,d,1
1588809824250,13203236,d,1
1588809824500,13214023,d,1
1588809824750,13225856,d,1
1588809825000,13238054,d,1
1588809825250,13249600,d,1
1588809825500,13261326,d,1
1588809825750,13273432,d,1
1588809826000,13285836,d,1
1588809826250,13296721,d,1
1588809826500,13309638,d,1
1588809826750,13321706,d,1
1588809827000,13334285,d,1
1588809827250,13345319,d,1
1588809827500,13357295,d,1
1588809827750,13368154,d,1
1588809828000,13380520,d,1
1588809828250,13392497,d,1
1588809828500,13404836,d,1
1588809828750,13417114,d,1
1588809829000,13428355,d,1
1588809829250,13440741,d,1
1588809829500,13453069,d,1
1588809829750,13465652,d,1
1588809830000,13478439,d,1
1588809830250,13490997,d,1
1588809830500,13503241,d,1
1588809830750,13516219,d,1
1588809831000,13527999,d,1
1588809831250,13540516,d,1
1588809831500,13552679,d,1
1588809831750,13564015,d,1
1588809832000,13575856,d,1
1588809832250,13588389,d,1
1588809832500,13601117,d,1
1588809832750,13614694,d,1
1588809833000,13627854,d,1
1588809833250,13641367,d,1
1588809833500,13654123,d,1
1588809833750,13666738,d,1
1588809834000,13680130,d,1
1588809834250,13692376,d,1
1588809834500,13706009,d,1
1588809834750,13718944,d,1
1588809835000,13731567,d,1
1588809835250,13743660,d,1
1588809835500,13756754,d,1
1588809835750,13770584,d,1
1588809836000,13783474,d,1
1588809836250,13795303,d,1
1588809836500,13807786,d,1
1588809836750,13821108,d,1
1588809837000,13834491,d,1
1588809837250,13848012,d,1
1588809837500,13860639,d,1
1588809837750,13873074,d,1
1588809838000,13885832,d,1
1588809838250,13899326,d,1
1588809838500,13913340,d,1
1588809838750,13926893,d,1
1588809839000,13939496,d,1
1588809839250,13952243,d,1
1588809839500,13965643,d,1
1588809839750,13978576,d,1
1588809840000,13992759,d,1
1588809840250,14004932,d,1
1588809840500,14017902,d,1
1588809840750,14031245,d,1
1588809841000,14043345,d,1
1588809841250,14057428,d,1
1588809841500,14071720,d,1
1588809841750,14085960,d,1
1588809842000,14098177,d,1
1588809842250,14111968,d,1
1588809842500,14125423,d,1
1588809842750,14138922,d,1
1588809843000,14153442,d,1
1588809843250,14165767,d,1
1588809843500,14178850,d,1
1588809843750,14191992,d,1
1588809844000,14204692,d,1
1588809844250,14218783,d,1
1588809844500,14231347,d,1
1588809844750,14245473,d,1
1588809845000,14258703,d,1
1588809845250,14271891,d,1
1588809845500,14286427,d,1
1588809845750,14300368,d,1
1588809846000,14313015,d,1
1588809846250,14327507,d,1
1588809846500,14340920,d,1
1588809846750,14354469,d,1
1588809847000,14367582,d,1
1588809847250,14382211,d,1
1588809847500,14396486,d,1
1588809847750,14409587,d,1
1588809848000,14424573,d,1
1588809848250,14437577,d,1
1588809848500,14451724,d,1
1588809848750,14466488,d,1
1588809849000,14481232,d,1
1588809849250,14494903,d,1
1588809849500,14509552,d,1
1588809849750,14524536,d,1
1588809850000,14537597,d,1
1588809850250,14550841,d,1
1588809850500,14564441,d,1
1588809850750,14579517,d,1
1588809851000,14592994,d,1
1588809851250,14607127,d,1
1588809851500,14620807,d,1
1588809851750,14634388,d,1
1588809852000,14648026,d,1
1588809852250,14662062,d,1
1588809852500,14675137,d,1
1588809852750,14689316,d,1
1588809853000,14704265,d,1
1588809853250,14719576,d,1
1588809853500,14732972,d,1
1588809853750,14747786,d,1
1588809854000,14762819,d,1
1588809854250,14776799,d,1
1588809854500,14792309,d,1
1588809854750,14805614,d,1
1588809855000,14819359,d,1
1588809855250,14834257,d,1
1588809855500,14847717,d,1
1588809855750,14861077,d,1
1588809856000,14876422,d,1
1588809856250,14891012,d,1
1588809856500,14906532,d,1
1588809856750,14921157,d,1
1588809857000,14936768,d,1
1588809857250,14951426,d,1
1588809857500,14965500,d,1
1588809857750,14981014,d,1
1588809858000,14996171,d,1
1588809858250,15010640,d,1
1588809858500,15026037,d,1
1588809858750,15041419,d,1
1588809859000,15057181,d,1
1588809859250,15070995,d,1
1588809859500,15086634,d,1
1588809859750,15102687,d,1
1588809860000,15117166,d,1
1588809860250,15132485,d,1
1588809860500,15147335,d,1
1588809860750,15163320,d,1
1588809861000,15178084,d,1
1588809861250,15193275,d,1
1588809861500,15208596,d,1
1588809861750,15224855,d,1
1588809862000,15240901,d,1
1588809862250,15256181,d,1
1588809862500,15272570,d,1
1588809862750,15288727,d,1
1588809863000,15303282,d,1
1588809863250,15319449,d,1
1588809863500,15335697,d,1
1588809863750,15351868,d,1
1588809864000,15366472,d,1
1588809864250,15382498,d,1
1588809864500,15397090,d,1
1588809864750,15411513,d,1
1588809865000,15426382,d,1
1588809865250,15441610,d,1
1588809865500,15457649,d,1
1588809865750,15473752,d,1
1588809866000,15489503,d,1
1588809866250,15505003,d,1
1588809866500,15520092,d,1
1588809866750,15535620,d,1
1588809867000,15550889,d,1
1588809867250,15565583,d,1
1588809867500,15581107,d,1
1588809867750,15597174,d,1
1588809868000,15613482,d,1
1588809868250,15629689,d,1
1588809868500,15645149,d,1
1588809868750,15660040,d,1
1588809869000,15675233,d,1
1588809869250,15691750,d,1
1588809869500,15706646,d,1
1588809869750,15723572,d,1
1588809870000,15739066,d,1
1588809870250,15755988,d,1
1588809870500,15772720,d,1
1588809870750,15788357,d,1
1588809871000,15804609,d,1
1588809871250,15821163,d,1
1588809871500,15836084,d,1
1588809871750,15852430,d,1
1588809872000,15868509,d,1
1588809872250,15883899,d,1
1588809872500,15900083,d,1
1588809872750,15916421,d,1
1588809873000,15932405,d,1
1588809873250,15948003,d,1
1588809873500,15963796,d,1
1588809873750,15981257,d,1
1588809874000,15998058,d,1
1588809874250,16014181,d,1
1588809874500,16030422,d,1
1588809874750,16047683,d,1
1588809875000,16064101,d,1
1588809875250,16081007,d,1
1588809875500,16097050,d,1
1588809875750,16112466,d,1
1588809876000,16128680,d,1
1588809876250,16145661,d,1
1588809876500,16163386,d,1
1588809876750,16179785,d,1
1588809877000,16196283,d,1
1588809877250,16213844,d,1
1588809877500,16230120,d,1
1588809877750,16247003,d,1
1588809878000,16263951,d,1
1588809878250,16281799,d,1
1588809878500,16299571,d,1
1588809878750,16315597,d,1
1588809879000,16332798,d,1
1588809879250,16350666,d,1
1588809879500,16368187,d,1
1588809879750,16386155,d,1
1588809880000,16404076,d,1
1588809880250,16420454,d,1
1588809880500,16437408,d,1
1588809880750,16453935,d,1
1588809881000,16470472,d,1
1588809881250,16487754,d,1
1588809881500,16504287,d,1
1588809881750,16522110,d,1
1588809882000,16540410,d,1
1588809882250,16557618,d,1
1588809882500,16575145,d,1
1588809882750,16591844,d,1
1588809883000,16610315,d,1
1588809883250,16628652,d,1
1588809883500,16645510,d,1
1588809883750,16662510,d,1
1588809884000,16680117,d,1
1588809884250,16696528,d,1
1588809884500,16714566,d,1
1588809884750,16732849,d,1
1588809885000,16751409,d,1
1588809885250,16769848,d,1
1588809885500,16787149,d,1
1588809885750,16804765,d,1
1588809886000,16823135,d,1
1588809886250,16839828,d,1
1588809886500,16857466,d,1
1588809886750,16874606,d,1
1588809887000,16891147,d,1
1588809887250,16907824,d,1
1588809887500,16924858,d,1
1588809887750,16943186,d,1
1588809888000,16960081,d,1
1588809888250,16977883,d,1
1588809888500,16994561,d,1
1588809888750,17012191,d,1
1588809889000,17031012,d,1
1588809889250,17047935,d,1
1588809889500,17065107,d,1
1588809889750,17083920,d,1
1588809890000,17101682,d,1
1588809890250,17120423,d,1
1588809890500,17139516,d,1
1588809890750,17157338,d,1
1588809891000,17175542,d,1
1588809891250,17193029,d,1
1588809891500,17211761,d,1
1588809891750,17229056,d,1
1588809892000,17246375,d,1
1588809892250,17264139,d,1
1588809892500,17283086,d,1
1588809892750,17300342,d,1
1588809893000,17317896,d,1
1588809893250,17335468,d,1
1588809893500,17354040,d,1
1588809893750,17373200,d,1
1588809894000,17390676,d,1
1588809894250,17410070,d,1
1588809894500,17427562,d,1
1588809894750,17445146,d,1
1588809895000,17464756,d,1
1588809895250,17482796,d,1
1588809895500,17501759,d,1
1588809895750,17519323,d,1
1588809896000,17538163,d,1
1588809896250,17557212,d,1
1588809896500,17575787,d,1
1588809896750,17594402,d,1
1588809897000,17613700,d,1
1588809897250,17632311,d,1
1588809897500,17650175,d,1
1588809897750,17668080,d,1
1588809898000,17686251,d,1
1588809898250,17703999,d,1
1588809898500,17722456,d,1
1588809898750,17741969,d,1
1588809899000,17759880,d,1
1588809899250,17777754,d,1
1588809899500,17797184,d,1
1588809899750,17815446,d,1
1588809900000,17833651,d,1
1588809900250,17852604,d,1
1588809900500,17871072,d,1
1588809900750,17889319,d,1
1588809901000,17908305,d,1
1588809901250,17927778,d,1
1588809901500,17948028,d,1
1588809901750,17967306,d,1
1588809902000,17986560,d,1
1588809902250,18006627,d,2
1588809902500,18025786,d,2
1588809902750,18044520,d,2
1588809903000,18064871,d,2
1588809903250,18083244,d,2
1588809903500,18102168,d,2
1588809903750,18121556,d,2
1588809904000,18141112,d,2
1588809904250,18160718,d,2
1588809904500,18181236,d,2
1588809904750,18199741,d,2
1588809905000,18220419,d,2
1588809905250,18240799,d,2
1588809905500,18261581,d,2
1588809905750,18282372,d,2
1588809906000,18302851,d,2
1588809906250,18322012,d,2
1588809906500,18341775,d,2
1588809906750,18361999,d,2
1588809907000,18380839,d,2
1588809907250,18399846,d,2
1588809907500,18420517,d,2
1588809907750,18439721,d,2
1588809908000,18459376,d,2
1588809908250,18480182,d,2
1588809908500,18499273,d,2
1588809908750,18519526,d,2
1588809909000,18538989,d,2
1588809909250,18559887,d,2
1588809909500,18580946,d,2
1588809909750,18601164,d,2
1588809910000,18621637,d,2
1588809910250,18641335,d,2
1588809910500,18662141,d,2
1588809910750,18682389,d,2
1588809911000,18701823,d,2
1588809911250,18722886,d,2
1588809911500,18743829,d,2
1588809911750,18764533,d,2
1588809912000,18784487,d,2
1588809912250,18804769,d,2
1588809912500,18825172,d,2
1588809912750,18844569,d,2
1588809913000,18864404,d,2
1588809913250,18884734,d,2
1588809913500,18906440,d,2
1588809913750,18927809,d,2
1588809914000,18948763,d,2
1588809914250,18969267,d,2
1588809914500,18989864,d,2
1588809914750,19011036,d,2
1588809915000,19031460,d,2
1588809915250,19051213,d,2
1588809915500,19072447,d,2
1588809915750,19093355,d,2
1588809916000,19114715,d,2
1588809916250,19136249,d,2
1588809916500,19156190,d,2
1588809916750,19177729,d,2
1588809917000,19198883,d,2
1588809917250,19220978,d,2
1588809917500,19241401,d,2
1588809917750,19263631,d,2
1588809918000,19285999,d,2
1588809918250,19307774,d,2
1588809918500,19328368,d,2
1588809918750,19350658,d,2
1588809919000,19371991,d,2
1588809919250,19394396,d,2
1588809919500,19415392,d,2
1588809919750,19437055,d,2
1588809920000,19458123,d,2
1588809920250,19480275,d,2
1588809920500,19502060,d,2
1588809920750,19523659,d,2
1588809921000,19544408,d,2
1588809921250,19566138,d,2
1588809921500,19587315,d,2
1588809921750,19609165,d,2
1588809922000,19631515,d,2
1588809922250,19653813,d,2
1588809922500,19674493,d,2
1588809922750,19695332,d,2
1588809923000,19717385,d,2
1588809923250,19739707,d,2
1588809923500,19761834,d,2
1588809923750,19783197,d,2
1588809924000,19804538,d,2
1588809924250,19826899,d,2
1588809924500,19847664,d,2
1588809924750,19869958,d,2
1588809925000,19891783,d,2
1588809925250,19912713,d,2
1588809925500,19934984,d,2
1588809925750,19956459,d,2
1588809926000,19979254,d,2
1588809926250,20001745,d,2
1588809926500,20023142,d,2
1588809926750,20044437,d,2
1588809927000,20066905,d,2
1588809927250,20089242,d,2
1588809927500,20112115,d,2
1588809927750,20135538,d,2
1588809928000,20157485,d,2
1588809928250,20179571,d,2
1588809928500,20201992,d,2
1588809928750,20224022,d,2
1588809929000,20247142,d,2
1588809929250,20270015,d,2
1588809929500,20293576,d,2
1588809929750,20316297,d,2
1588809930000,20338691,d,2
1588809930250,20360124,d,2
1588809930500,20383248,d,2
1588809930750,20406793,d,2
1588809931000,20429617,d,2
1588809931250,20451942,d,2
1588809931500,20475860,d,2
1588809931750,20499006,d,2
1588809932000,20522644,d,2
1588809932250,20546686,d,2
1588809932500,20569053,d,2
1588809932750,20590977,d,2
1588809933000,20614782,d,2
1588809933250,20638223,d,2
1588809933500,20660832,d,2
1588809933750,20684211,d,2
1588809934000,20706892,d,2
1588809934250,20730019,d,2
1588809934500,20753347,d,2
1588809934750,20777558,d,2
1588809935000,20801617,d,2
1588809935250,20824419,d,2
1588809935500,20848188,d,2
1588809935750,20870734,d,2
1588809936000,20894098,d,2
1588809936250,20916768,d,2
1588809936500,20939761,d,2
1588809936750,20962666,d,2
1588809937000,20987002,d,2
1588809937250,21009917,d,2
1588809937500,21034274,d,2
1588809937750,21056869,d,2
1588809938000,21079454,d,2
1588809938250,21102740,d,2
1588809938500,21127056,d,2
1588809938750,21150611,d,2
1588809939000,21174339,d,2
1588809939250,21198696,d,2
1588809939500,21221488,d,2
1588809939750,21244914,d,2
1588809940000,21269343,d,2
1588809940250,21292468,d,2
1588809940500,21315754,d,2
1588809940750,21339492,d,2
1588809941000,21364369,d,2
1588809941250,21388109,d,2
1588809941500,21413040,d,2
1588809941750,21435982,d,2
1588809942000,21461038,d,2
1588809942250,21485055,d,2
1588809942500,21509901,d,2
1588809942750,21534278,d,2
1588809943000,21559165,d,2
1588809943250,21583416,d,2
1588809943500,21607910,d,2
1588809943750,21631300,d,2
1588809944000,21655732,d,2
1588809944250,21681135,d,2
1588809944500,21705315,d,2
1588809944750,21729101,d,2
1588809945000,21752406,d,2
1588809945250,21776335,d,2
1588809945500,21800479,d,2
1588809945750,21826066,d,2
1588809946000,21850983,d,2
1588809946250,21874713,d,2
1588809946500,21899094,d,2
1588809946750,21922949,d,2
1588809947000,21948178,d,2
1588809947250,21972899,d,2
1588809947500,21997261,d,2
1588809947750,22022004,d,2
1588809948000,22046870,d,2
1588809948250,22071507,d,2
1588809948500,22096946,d,2
1588809948750,22121215,d,2
1588809949000,22146924,d,2
1588809949250,22172194,d,2
1588809949500,22196675,d,2
1588809949750,22221843,d,2
1588809950000,22245937,d,2
1588809950250,22272005,d,2
1588809950500,22296295,d,2
1588809950750,22321955,d,2
1588809951000,22346957,d,2
1588809951250,22372794,d,2
1588809951500,22398868,d,2
1588809951750,22425294,d,2
1588809952000,22450657,d,2
1588809952250,22475002,d,2
1588809952500,22499274,d,2
1588809952750,22524373,d,2
1588809953000,22549048,d,2
1588809953250,22574268,d,2
1588809953500,22599326,d,2
1588809953750,22625224,d,2
1588809954000,22650449,d,2
1588809954250,22676567,d,2
1588809954500,22702531,d,2
1588809954750,22727200,d,2
1588809955000,22751788,d,2
1588809955250,22778668,d,2
1588809955500,22804167,d,2
1588809955750,22830111,d,2
1588809956000,22855250,d,2
1588809956250,22880214,d,2
1588809956500,22906823,d,2
1588809956750,22931635,d,2
1588809957000,22957767,d,2
1588809957250,22984723,d,2
1588809957500,23010536,d,2
1588809957750,23037000,d,2
1588809958000,23063830,d,2
1588809958250,23090108,d,2
1588809958500,23115539,d,2
1588809958750,23140647,d,2
1588809959000,23166006,d,2
1588809959250,23191159,d,2
1588809959500,23218273,d,2
1588809959750,23244544,d,2
1588809960000,23271961,d,2
1588809960250,23299269,d,2
1588809960500,23326529,d,2
1588809960750,23352077,d,2
1588809961000,23377594,d,2
1588809961250,23403304,d,2
1588809961500,23430512,d,2
1588809961750,23456548,d,2
1588809962000,23483638,d,2
1588809962250,23510076,d,2
1588809962500,23536415,d,2
1588809962750,23563259,d,2
1588809963000,23589310,d,2
1588809963250,23616250,d,2
1588809963500,23644109,d,2
1588809963750,23670773,d,2
1588809964000,23697684,d,2
1588809964250,23725162,d,2
1588809964500,23751579,d,2
1588809964750,23777566,d,2
1588809965000,23804477,d,2
1588809965250,23831990,d,2
1588809965500,23859255,d,2
1588809965750,23885376,d,2
1588809966000,23911515,d,2
1588809966250,23939365,d,2
1588809966500,23965714,d,2
1588809966750,23991864,d,2
1588809967000,24019486,d,2
1588809967250,24047537,d,2
1588809967500,24074949,d,2
1588809967750,24102545,d,2
1588809968000,24130429,d,2
1588809968250,24157593,d,2
1588809968500,24185598,d,2
1588809968750,24213827,d,2
1588809969000,24241061,d,2
1588809969250,24268202,d,2
1588809969500,24296763,d,2
1588809969750,24323386,d,2
1588809970000,24351630,d,2
1588809970250,24378326,d,2
1588809970500,24406394,d,2
1588809970750,24434821,d,2
1588809971000,24462993,d,2
1588809971250,24491022,d,2
1588809971500,24518182,d,2
1588809971750,24547267,d,2
1588809972000,24574342,d,2
1588809972250,24601855,d,2
1588809972500,24630831,d,2
1588809972750,24658687,d,2
1588809973000,24685586,d,2
1588809973250,24713666,d,2
1588809973500,24741851,d,2
1588809973750,24771029,d,2
1588809974000,24798700,d,2
1588809974250,24826908,d,2
1588809974500,24856312,d,2
1588809974750,24885213,d,2
1588809975000,24913080,d,2
1588809975250,24941473,d,2
1588809975500,24969077,d,2
1588809975750,24996338,d,2
1588809976000,25025337,d,2
1588809976250,25054792,d,2
1588809976500,25083659,d,2
1588809976750,25111272,d,2
1588809977000,25138776,d,2
1588809977250,25167515,d,2
1588809977500,25195430,d,2
1588809977750,25224825,d,2
1588809978000,25253874,d,2
1588809978250,25283001,d,2
1588809978500,25311969,d,2
1588809978750,25339867,d,2
1588809979000,25368103,d,2
1588809979250,25397242,d,2
1588809979500,25425238,d,2
1588809979750,25453493,d,2
1588809980000,25483056,d,2
1588809980250,25510940,d,2
1588809980500,25540331,d,2
1588809980750,25569604,d,2
1588809981000,25598345,d,2
1588809981250,25626699,d,2
1588809981500,25655895,d,2
1588809981750,25684985,d,2
1588809982000,25714626,d,2
1588809982250,25743871,d,2
1588809982500,25772472,d,2
1588809982750,25802522,d,2
1588809983000,25832669,d,2
1588809983250,25861785,d,2
1588809983500,25891974,d,2
1588809983750,25921564,d,2
1588809984000,25950108,d,2
1588809984250,25979105,d,2
1588809984500,26008614,d,2
1588809984750,26039336,d,2
1588809985000,26069311,d,2
1588809985250,26099376,d,2
1588809985500,26129700,d,2
1588809985750,26158897,d,2
1588809986000,26188228,d,2
1588809986250,26217188,d,2
1588809986500,26246319,d,2
1588809986750,26275888,d,2
1588809987000,26305955,d,2
1588809987250,26335016,d,2
1588809987500,26364739,d,2
1588809987750,26394271,d,2
1588809988000,26425449,d,2
1588809988250,26454396,d,2
1588809988500,26484965,d,2
1588809988750,26514650,d,2
1588809989000,26546050,d,2
1588809989250,26575513,d,2
1588809989500,26606351,d,2
1588809989750,26636584,d,2
1588809990000,26666851,d,2
1588809990250,26697816,d,2
1588809990500,26727627,d,2
1588809990750,26757098,d,2
1588809991000,26788602,d,2
1588809991250,26818026,d,2
1588809991500,26848441,d,2
1588809991750,26879810,d,2
1588809992000,26909516,d,2
1588809992250,26941127,d,2
1588809992500,26972470,d,2
1588809992750,27003770,d,2
1588809993000,27034193,d,2
1588809993250,27064573,d,2
1588809993500,27096149,d,2
1588809993750,27126947,d,2
1588809994000,27157297,d,2
1588809994250,27189416,d,2
1588809994500,27221161,d,2
1588809994750,27252486,d,2
1588809995000,27284538,d,2
1588809995250,27314878,d,2
1588809995500,27346538,d,2
1588809995750,27378571,d,2
1588809996000,27408593,d,2
1588809996250,27439556,d,2
1588809996500,27471938,d,2
1588809996750,27504426,d,2
1588809997000,27535882,d,2
1588809997250,27567261,d,2
1588809997500,27598542,d,2
1588809997750,27630755,d,2
1588809998000,27661154,d,2
1588809998250,27693102,d,2
1588809998500,27725608,d,2
1588809998750,27758298,d,2
1588809999000,27789987,d,2
1588809999250,27820788,d,2
1588809999500,27852692,d,2
1588809999750,27884734,d,2
1588810000000,27915356,d,2
1588810000250,27946343,d,2
1588810000500,27977390,d,2
1588810000750,28008942,d,2
1588810001000,28040781,d,2
1588810001250,28073841,d,2
1588810001500,28106595,d,2
1588810001750,28138717,d,2
1588810002000,28171391,d,2
1588810002250,28203349,d,2
1588810002500,28234656,d,2
1588810002750,28266772,d,2
1588810003000,28298826,d,2
1588810003250,28331513,d,2
1588810003500,28363382,d,2
1588810003750,28395544,d,2
1588810004000,28426843,d,2
1588810004250,28458709,d,2
1588810004500,28490501,d,2
1588810004750,28522764,d,2
1588810005000,28555482,d,2
1588810005250,28588429,d,2
1588810005500,28619906,d,2
1588810005750,28652826,d,2
1588810006000,28684651,d,2
1588810006250,28717930,d,2
1588810006500,28750835,d,2
1588810006750,28783574,d,2
1588810007000,28817279,d,2
1588810007250,28851242,d,2
1588810007500,28883176,d,2
1588810007750,28917022,d,2
1588810008000,28949054,d,2
1588810008250,28981046,d,2
1588810008500,29013019,d,2
1588810008750,29045831,d,2
1588810009000,29079788,d,2
1588810009250,29113384,d,2
1588810009500,29147150,d,2
1588810009750,29180177,d,2
1588810010000,29212527,d,2
1588810010250,29246325,d,2
1588810010500,29280594,d,2
1588810010750,29314088,d,2
1588810011000,29347226,d,2
1588810011250,29379980,d,2
1588810011500,29414182,d,2
1588810011750,29447565,d,2
1588810012000,29480659,d,2
1588810012250,29513127,d,2
1588810012500,29547174,d,2
1588810012750,29581789,d,2
1588810013000,29615534,d,2
1588810013250,29649788,d,2
1588810013500,29683616,d,2
1588810013750,29717844,d,2
1588810014000,29751599,d,2
1588810014250,29786483,d,2
1588810014500,29819599,d,2
1588810014750,29853172,d,2
1588810015000,29888095,d,2
1588810015250,29921151,d,2
1588810015500,29954139,d,2
1588810015750,29989027,d,2
1588810016000,30022408,d,2
1588810016250,30055666,d,2
1588810016500,30088789,d,2
1588810016750,30123915,d,2
1588810017000,30158521,d,2
1588810017250,30193561,d,2
1588810017500,30227428,d,2
1588810017750,30262462,d,2
1588810018000,30296941,d,2
1588810018250,30330681,d,2
1588810018500,30364341,d,2
1588810018750,30399890,d,2
1588810019000,30433845,d,2
1588810019250,30469132,d,2
1588810019500,30503050,d,2
1588810019750,30537886,d,2
1588810020000,30573390,d,2
1588810020250,30609068,d,2
1588810020500,30643359,d,2
1588810020750,30677847,d,2
1588810021000,30712983,d,2
1588810021250,30748233,d,2
1588810021500,30784043,d,2
1588810021750,30819992,d,2
1588810022000,30854745,d,2
1588810022250,30888690,d,2
1588810022500,30923194,d,2
1588810022750,30957379,d,2
1588810023000,30993655,d,2
1588810023250,31027983,d,2
1588810023500,31064293,d,2
1588810023750,31100713,d,2
1588810024000,31135026,d,2
1588810024250,31169183,d,2
1588810024500,31205416,d,2
1588810024750,31241386,d,2
1588810025000,31277597,d,2
1588810025250,31312274,d,2
1588810025500,31347381,d,2
1588810025750,31382137,d,2
1588810026000,31416984,d,2
1588810026250,31452581,d,2
1588810026500,31487279,d,2
1588810026750,31522837,d,2
1588810027000,31558037,d,2
1588810027250,31593333,d,2
1588810027500,31629935,d,2
1588810027750,31666810,d,2
1588810028000,31703919,d,2
1588810028250,31740908,d,2
1588810028500,31775929,d,2
1588810028750,31812231,d,2
1588810029000,31848490,d,2
1588810029250,31885704,d,2
1588810029500,31921899,d,2
1588810029750,31959219,d,2
1588810030000,31996214,d,2
1588810030250,32032711,d,2
1588810030500,32068012,d,2
1588810030750,32105040,d,2
1588810031000,32141986,d,2
1588810031250,32179244,d,2
1588810031500,32216337,d,2
1588810031750,32253605,d,2
1588810032000,32290555,d,2
1588810032250,32326979,d,2
1588810032500,32363275,d,2
1588810032750,32399457,d,2
1588810033000,32435943,d,2
1588810033250,32473130,d,2
1588810033500,32509815,d,2
1588810033750,32546856,d,2
1588810034000,32582909,d,2
1588810034250,32619489,d,2
1588810034500,32655282,d,2
1588810034750,32691656,d,2
1588810035000,32729051,d,2
1588810035250,32766491,d,2
1588810035500,32802347,d,2
1588810035750,32839419,d,2
1588810036000,32876815,d,2
1588810036250,32913021,d,2
1588810036500,32949286,d,2
1588810036750,32985358,d,2
1588810037000,33023558,d,2
1588810037250,33060761,d,2
1588810037500,33098857,d,2
1588810037750,33136753,d,2
1588810038000,33175081,d,2
1588810038250,33213504,d,2
1588810038500,33250580,d,2
1588810038500,33250580,d,2
1588810038500,33250580,d,2
1588810038500,33250580,d,2
1588810038500,33250580,d,2
1588810038500,33250580,d,2
1588810038500,33250580,d,2
1588810038500,33250580,d,2
1588810038500,33250580,d,2
1588810038500,33250580,d,2
1588810038500,33250580,d,2
1588810038500,33250580,d,2
1588810038500,33250580,d,2
1588810038500,33250580,d,2
1588810038500,33250580,d,2
1588810038500,33250580,d,2
1588810038500,33250580,d,2
1588810038500,33250580,d,2
1588810038500,33250580,d,2
1588810038500,33250580,d,2
1588810038500,33250580,d,2
1588810038500,33250580,d,2
1588810038500,33250580,d,2
1588810038500,33250580,d,2
1588810038500,33250580,d,2
1588810038500,33250580,d,2
1588810038500,33250580,d,2
1588810038500,33250580,d,2
1588810038500,33250580,d,2
1588810038500,33250580,d,2
1588810038500,33250580,d,2
1588810038500,33250580,d,2
1588810038500,33250580,d,2
1588810038500,33250580,d,2
1588810038500,33250580,d,2
1588810038500,33250580,d,2
1588810038500,33250580,d,2
1588810038500,33250580,d,2
1588810038500,33250580,d,2
1588810038500,33250580,d,2
1588810038500,33250580,d,2
1588810038500,33250580,d,2
1588810038500,33250580,d,2
1588810038500,33250580,d,2
1588810038500,33250580,d,2
1588810038500,33250580,d,2
1588810038500,33250580,d,2
1588810038500,33250580,d,2
1588810038500,33250580,d,2
1588810038500,33250580,d,2
1588810038500,33250580,d,2
1588810038500,33250580,d,2
1588810038500,33250580,d,2
1588810038500,33250580,d,2
1588810038500,33250580,d,2
1588810038500,33250580,d,2
1588810038500,33250580,d,2
1588810038500,33250580,d,2
1588810038500,33250580,d,2
1588810038500,33250580,d,2
1588810038500,33250580,d,2
1588810038500,33250580,d,2